{
  "metadata": {
    "timestamp": "2025-06-26T17:36:20.110648",
    "experiment_type": "standard_ml",
    "config_name": "india",
    "scenario_name": "original_faker_debug"
  },
  "results": {
    "scenario_name": "original_faker_debug",
    "original_analysis": {
      "total_samples": 2137,
      "privileged_count": 743,
      "unprivileged_count": 1394,
      "current_sensitive_ratio": 0.34768366869443146,
      "positive_count": 256,
      "negative_count": 1881,
      "current_label_ratio": 0.11979410388394947,
      "cross_tab": {
        "priv_pos": 118,
        "priv_neg": 625,
        "unpriv_pos": 138,
        "unpriv_neg": 1256
      }
    },
    "baseline_metrics": {
      "model_name": "Standard_Baseline",
      "overall_accuracy": 0.8925233644859814,
      "privileged_accuracy": 0.8409090909090909,
      "unprivileged_accuracy": 0.9155405405405406,
      "privileged_tpr": 0.4166666666666667,
      "unprivileged_tpr": 0.2222222222222222,
      "privileged_fpr": 0.06481481481481481,
      "unprivileged_fpr": 0.01486988847583643,
      "privileged_selection_rate": 0.12878787878787878,
      "unprivileged_selection_rate": 0.033783783783783786,
      "accuracy_difference": -0.07463144963144963,
      "tpr_difference": 0.19444444444444448,
      "fpr_difference": 0.04994492633897838,
      "demographic_parity_difference": 0.095004095004095
    },
    "fair_metrics": {
      "model_name": "Standard_Fair",
      "overall_accuracy": 0.8364485981308412,
      "privileged_accuracy": 0.7727272727272727,
      "unprivileged_accuracy": 0.8648648648648649,
      "privileged_tpr": 0.5833333333333334,
      "unprivileged_tpr": 0.48148148148148145,
      "privileged_fpr": 0.18518518518518517,
      "unprivileged_fpr": 0.09665427509293681,
      "privileged_selection_rate": 0.25757575757575757,
      "unprivileged_selection_rate": 0.13175675675675674,
      "accuracy_difference": -0.0921375921375922,
      "tpr_difference": 0.10185185185185192,
      "fpr_difference": 0.08853091009224837,
      "demographic_parity_difference": 0.12581900081900083
    },
    "improvement_metrics": {
      "accuracy_cost": 0.05607476635514019,
      "dp_improvement": -0.030814905814905827
    }
  }
}