{
  "metadata": {
    "timestamp": "2025-06-26T17:36:00.822613",
    "experiment_type": "balanced_augmentation",
    "config_name": "india",
    "scenario_name": "reverse_sensitive_faker_debug"
  },
  "results": {
    "scenario_name": "reverse_sensitive_faker_debug",
    "generation_method": "faker",
    "original_analysis": {
      "total_samples": 2137,
      "privileged_count": 743,
      "unprivileged_count": 1394,
      "current_sensitive_ratio": 0.34768366869443146,
      "positive_count": 256,
      "negative_count": 1881,
      "current_label_ratio": 0.11979410388394947,
      "cross_tab": {
        "priv_pos": 118,
        "priv_neg": 625,
        "unpriv_pos": 138,
        "unpriv_neg": 1256
      }
    },
    "final_analysis": {
      "total_samples": 3762,
      "privileged_count": 1189,
      "unprivileged_count": 2573,
      "current_sensitive_ratio": 0.31605528973950026,
      "positive_count": 1881,
      "negative_count": 1881,
      "current_label_ratio": 0.5,
      "cross_tab": {
        "priv_pos": 564,
        "priv_neg": 625,
        "unpriv_pos": 1317,
        "unpriv_neg": 1256
      }
    },
    "baseline_metrics": {
      "model_name": "Balanced_reverse_sensitive_faker_debug_Baseline",
      "overall_accuracy": 0.950863213811421,
      "privileged_accuracy": 0.9039301310043668,
      "unprivileged_accuracy": 0.9713740458015268,
      "privileged_tpr": 0.8818181818181818,
      "unprivileged_tpr": 0.9548872180451128,
      "privileged_fpr": 0.07563025210084033,
      "unprivileged_fpr": 0.011627906976744186,
      "privileged_selection_rate": 0.462882096069869,
      "unprivileged_selection_rate": 0.4904580152671756,
      "accuracy_difference": -0.06744391479715994,
      "tpr_difference": -0.07306903622693095,
      "fpr_difference": 0.06400234512409614,
      "demographic_parity_difference": -0.027575919197306564
    },
    "fair_metrics": {
      "model_name": "Balanced_reverse_sensitive_faker_debug_Fair",
      "overall_accuracy": 0.9575033200531209,
      "privileged_accuracy": 0.9126637554585153,
      "unprivileged_accuracy": 0.9770992366412213,
      "privileged_tpr": 0.8909090909090909,
      "unprivileged_tpr": 0.9624060150375939,
      "privileged_fpr": 0.06722689075630252,
      "unprivileged_fpr": 0.007751937984496124,
      "privileged_selection_rate": 0.462882096069869,
      "unprivileged_selection_rate": 0.49236641221374045,
      "accuracy_difference": -0.06443548118270603,
      "tpr_difference": -0.07149692412850306,
      "fpr_difference": 0.059474952771806394,
      "demographic_parity_difference": -0.029484316143871425
    },
    "improvement_metrics": {
      "accuracy_cost": -0.006640106241699861,
      "dp_improvement": -0.001908396946564861
    }
  }
}