{
  "metadata": {
    "timestamp": "2025-06-26T17:36:05.180916",
    "experiment_type": "balanced_augmentation",
    "config_name": "india",
    "scenario_name": "balanced_moderate_labels_faker_debug"
  },
  "results": {
    "scenario_name": "balanced_moderate_labels_faker_debug",
    "generation_method": "faker",
    "original_analysis": {
      "total_samples": 2137,
      "privileged_count": 743,
      "unprivileged_count": 1394,
      "current_sensitive_ratio": 0.34768366869443146,
      "positive_count": 256,
      "negative_count": 1881,
      "current_label_ratio": 0.11979410388394947,
      "cross_tab": {
        "priv_pos": 118,
        "priv_neg": 625,
        "unpriv_pos": 138,
        "unpriv_neg": 1256
      }
    },
    "final_analysis": {
      "total_samples": 4514,
      "privileged_count": 1941,
      "unprivileged_count": 2573,
      "current_sensitive_ratio": 0.42999556933983163,
      "positive_count": 2633,
      "negative_count": 1881,
      "current_label_ratio": 0.5832964111652637,
      "cross_tab": {
        "priv_pos": 1316,
        "priv_neg": 625,
        "unpriv_pos": 1317,
        "unpriv_neg": 1256
      }
    },
    "baseline_metrics": {
      "model_name": "Balanced_balanced_moderate_labels_faker_debug_Baseline",
      "overall_accuracy": 0.9446290143964563,
      "privileged_accuracy": 0.9368421052631579,
      "unprivileged_accuracy": 0.9502868068833652,
      "privileged_tpr": 0.9411764705882353,
      "unprivileged_tpr": 0.9137254901960784,
      "privileged_fpr": 0.07407407407407407,
      "unprivileged_fpr": 0.014925373134328358,
      "privileged_selection_rate": 0.6947368421052632,
      "unprivileged_selection_rate": 0.45315487571701724,
      "accuracy_difference": -0.013444701620207278,
      "tpr_difference": 0.027450980392156876,
      "fpr_difference": 0.05914870093974571,
      "demographic_parity_difference": 0.24158196638824597
    },
    "fair_metrics": {
      "model_name": "Balanced_balanced_moderate_labels_faker_debug_Fair",
      "overall_accuracy": 0.9457364341085271,
      "privileged_accuracy": 0.9368421052631579,
      "unprivileged_accuracy": 0.9521988527724665,
      "privileged_tpr": 0.9338235294117647,
      "unprivileged_tpr": 0.9058823529411765,
      "privileged_fpr": 0.05555555555555555,
      "unprivileged_fpr": 0.0037313432835820895,
      "privileged_selection_rate": 0.6842105263157895,
      "unprivileged_selection_rate": 0.4435946462715105,
      "accuracy_difference": -0.0153567475093086,
      "tpr_difference": 0.027941176470588247,
      "fpr_difference": 0.051824212271973466,
      "demographic_parity_difference": 0.24061588004427897
    },
    "improvement_metrics": {
      "accuracy_cost": -0.001107419712070845,
      "dp_improvement": 0.0009660863439669987
    }
  }
}