{
  "metadata": {
    "timestamp": "2025-06-26T17:35:33.704460",
    "experiment_type": "balanced_augmentation",
    "config_name": "india",
    "scenario_name": "extreme_sensitive_balanced_faker_debug"
  },
  "results": {
    "scenario_name": "extreme_sensitive_balanced_faker_debug",
    "generation_method": "faker",
    "original_analysis": {
      "total_samples": 2137,
      "privileged_count": 743,
      "unprivileged_count": 1394,
      "current_sensitive_ratio": 0.34768366869443146,
      "positive_count": 256,
      "negative_count": 1881,
      "current_label_ratio": 0.11979410388394947,
      "cross_tab": {
        "priv_pos": 118,
        "priv_neg": 625,
        "unpriv_pos": 138,
        "unpriv_neg": 1256
      }
    },
    "final_analysis": {
      "total_samples": 6018,
      "privileged_count": 3009,
      "unprivileged_count": 3009,
      "current_sensitive_ratio": 0.5,
      "positive_count": 1881,
      "negative_count": 4137,
      "current_label_ratio": 0.31256231306081755,
      "cross_tab": {
        "priv_pos": 1504,
        "priv_neg": 1505,
        "unpriv_pos": 377,
        "unpriv_neg": 2632
      }
    },
    "baseline_metrics": {
      "model_name": "Balanced_extreme_sensitive_balanced_faker_debug_Baseline",
      "overall_accuracy": 0.6561461794019934,
      "privileged_accuracy": 0.5310344827586206,
      "unprivileged_accuracy": 0.7724358974358975,
      "privileged_tpr": 0.23934426229508196,
      "unprivileged_tpr": 0.1267605633802817,
      "privileged_fpr": 0.14545454545454545,
      "unprivileged_fpr": 0.14466546112115733,
      "privileged_selection_rate": 0.19482758620689655,
      "unprivileged_selection_rate": 0.14262820512820512,
      "accuracy_difference": -0.24140141467727683,
      "tpr_difference": 0.11258369891480027,
      "fpr_difference": 0.0007890843333881181,
      "demographic_parity_difference": 0.05219938107869143
    },
    "fair_metrics": {
      "model_name": "Balanced_extreme_sensitive_balanced_faker_debug_Fair",
      "overall_accuracy": 0.6038205980066446,
      "privileged_accuracy": 0.5741379310344827,
      "unprivileged_accuracy": 0.6314102564102564,
      "privileged_tpr": 0.5409836065573771,
      "unprivileged_tpr": 0.4084507042253521,
      "privileged_fpr": 0.3890909090909091,
      "unprivileged_fpr": 0.3399638336347197,
      "privileged_selection_rate": 0.4689655172413793,
      "unprivileged_selection_rate": 0.34775641025641024,
      "accuracy_difference": -0.05727232537577365,
      "tpr_difference": 0.13253290233202497,
      "fpr_difference": 0.049127075456189384,
      "demographic_parity_difference": 0.12120910698496906
    },
    "improvement_metrics": {
      "accuracy_cost": 0.05232558139534882,
      "dp_improvement": -0.06900972590627763
    }
  }
}