{
  "metadata": {
    "timestamp": "2025-06-26T17:36:17.223147",
    "experiment_type": "balanced_augmentation",
    "config_name": "india",
    "scenario_name": "reverse_extreme_sensitive_faker_debug"
  },
  "results": {
    "scenario_name": "reverse_extreme_sensitive_faker_debug",
    "generation_method": "faker",
    "original_analysis": {
      "total_samples": 2137,
      "privileged_count": 743,
      "unprivileged_count": 1394,
      "current_sensitive_ratio": 0.34768366869443146,
      "positive_count": 256,
      "negative_count": 1881,
      "current_label_ratio": 0.11979410388394947,
      "cross_tab": {
        "priv_pos": 118,
        "priv_neg": 625,
        "unpriv_pos": 138,
        "unpriv_neg": 1256
      }
    },
    "final_analysis": {
      "total_samples": 3762,
      "privileged_count": 1001,
      "unprivileged_count": 2761,
      "current_sensitive_ratio": 0.26608187134502925,
      "positive_count": 1881,
      "negative_count": 1881,
      "current_label_ratio": 0.5,
      "cross_tab": {
        "priv_pos": 376,
        "priv_neg": 625,
        "unpriv_pos": 1505,
        "unpriv_neg": 1256
      }
    },
    "baseline_metrics": {
      "model_name": "Balanced_reverse_extreme_sensitive_faker_debug_Baseline",
      "overall_accuracy": 0.950863213811421,
      "privileged_accuracy": 0.8877551020408163,
      "unprivileged_accuracy": 0.9730700179533214,
      "privileged_tpr": 0.8311688311688312,
      "unprivileged_tpr": 0.959866220735786,
      "privileged_fpr": 0.07563025210084033,
      "unprivileged_fpr": 0.011627906976744186,
      "privileged_selection_rate": 0.37244897959183676,
      "unprivileged_selection_rate": 0.5206463195691203,
      "accuracy_difference": -0.08531491591250506,
      "tpr_difference": -0.12869738956695476,
      "fpr_difference": 0.06400234512409614,
      "demographic_parity_difference": -0.14819733997728357
    },
    "fair_metrics": {
      "model_name": "Balanced_reverse_extreme_sensitive_faker_debug_Fair",
      "overall_accuracy": 0.952191235059761,
      "privileged_accuracy": 0.8877551020408163,
      "unprivileged_accuracy": 0.9748653500897666,
      "privileged_tpr": 0.8441558441558441,
      "unprivileged_tpr": 0.9632107023411371,
      "privileged_fpr": 0.08403361344537816,
      "unprivileged_fpr": 0.011627906976744186,
      "privileged_selection_rate": 0.3826530612244898,
      "unprivileged_selection_rate": 0.5224416517055656,
      "accuracy_difference": -0.08711024804895029,
      "tpr_difference": -0.11905485818529304,
      "fpr_difference": 0.07240570646863398,
      "demographic_parity_difference": -0.13978859048107578
    },
    "improvement_metrics": {
      "accuracy_cost": -0.0013280212483399723,
      "dp_improvement": 0.00840874949620779
    }
  }
}