{
  "metadata": {
    "timestamp": "2025-06-26T17:35:21.269045",
    "experiment_type": "balanced_augmentation",
    "config_name": "brazil",
    "scenario_name": "reverse_extreme_sensitive_faker_debug"
  },
  "results": {
    "scenario_name": "reverse_extreme_sensitive_faker_debug",
    "generation_method": "faker",
    "original_analysis": {
      "total_samples": 4424,
      "privileged_count": 1556,
      "unprivileged_count": 2868,
      "current_sensitive_ratio": 0.35171790235081374,
      "positive_count": 1421,
      "negative_count": 3003,
      "current_label_ratio": 0.3212025316455696,
      "cross_tab": {
        "priv_pos": 701,
        "priv_neg": 855,
        "unpriv_pos": 720,
        "unpriv_neg": 2148
      }
    },
    "final_analysis": {
      "total_samples": 6107,
      "privileged_count": 1556,
      "unprivileged_count": 4551,
      "current_sensitive_ratio": 0.25478958572130345,
      "positive_count": 3104,
      "negative_count": 3003,
      "current_label_ratio": 0.5082691992795153,
      "cross_tab": {
        "priv_pos": 701,
        "priv_neg": 855,
        "unpriv_pos": 2403,
        "unpriv_neg": 2148
      }
    },
    "baseline_metrics": {
      "model_name": "Balanced_reverse_extreme_sensitive_faker_debug_Baseline",
      "overall_accuracy": 0.9173486088379705,
      "privileged_accuracy": 0.9415011037527594,
      "unprivileged_accuracy": 0.8481012658227848,
      "privileged_tpr": 0.9270833333333334,
      "unprivileged_tpr": 0.7730496453900709,
      "privileged_fpr": 0.04225352112676056,
      "unprivileged_fpr": 0.09142857142857143,
      "privileged_selection_rate": 0.5110375275938189,
      "unprivileged_selection_rate": 0.39556962025316456,
      "accuracy_difference": 0.09339983792997464,
      "tpr_difference": 0.15403368794326244,
      "fpr_difference": -0.049175050301810866,
      "demographic_parity_difference": 0.11546790734065437
    },
    "fair_metrics": {
      "model_name": "Balanced_reverse_extreme_sensitive_faker_debug_Fair",
      "overall_accuracy": 0.9099836333878887,
      "privileged_accuracy": 0.9326710816777042,
      "unprivileged_accuracy": 0.8449367088607594,
      "privileged_tpr": 0.91875,
      "unprivileged_tpr": 0.7872340425531915,
      "privileged_fpr": 0.051643192488262914,
      "unprivileged_fpr": 0.10857142857142857,
      "privileged_selection_rate": 0.5110375275938189,
      "unprivileged_selection_rate": 0.41139240506329117,
      "accuracy_difference": 0.08773437281694474,
      "tpr_difference": 0.13151595744680844,
      "fpr_difference": -0.056928236083165655,
      "demographic_parity_difference": 0.09964512253052776
    },
    "improvement_metrics": {
      "accuracy_cost": 0.0073649754500818565,
      "dp_improvement": 0.01582278481012661
    }
  }
}