{
  "metadata": {
    "timestamp": "2025-06-23T15:45:11.581570",
    "experiment_type": "standard_ml",
    "config_name": "india",
    "scenario_name": null
  },
  "results": {
    "config": {
      "dataname": "india",
      "datapath": "./data/asia_dropout.csv",
      "test_size": 0.2,
      "random_state": 42,
      "unawareness": true,
      "model": "logistic_regression",
      "fairness": true,
      "fair_technique": "reweighting"
    },
    "cross_validation_results": {
      "logistic_regression": {
        "mean": 0.9002702999353307,
        "std": 0.005529485892503801
      }
    },
    "model_results": {
      "logistic_regression": {
        "baseline_metrics": {
          "model_name": "Baseline logistic_regression",
          "overall_accuracy": 0.8925233644859814,
          "privileged_accuracy": 0.8409090909090909,
          "unprivileged_accuracy": 0.9155405405405406,
          "privileged_tpr": 0.4166666666666667,
          "unprivileged_tpr": 0.2222222222222222,
          "privileged_fpr": 0.06481481481481481,
          "unprivileged_fpr": 0.01486988847583643,
          "privileged_selection_rate": 0.12878787878787878,
          "unprivileged_selection_rate": 0.033783783783783786,
          "accuracy_difference": -0.07463144963144963,
          "tpr_difference": 0.19444444444444448,
          "fpr_difference": 0.04994492633897838,
          "demographic_parity_difference": 0.095004095004095
        },
        "fair_metrics": {
          "model_name": "Fair (reweighting)",
          "overall_accuracy": 0.8317757009345794,
          "privileged_accuracy": 0.75,
          "unprivileged_accuracy": 0.8682432432432432,
          "privileged_tpr": 0.5416666666666666,
          "unprivileged_tpr": 0.5185185185185185,
          "privileged_fpr": 0.2037037037037037,
          "unprivileged_fpr": 0.09665427509293681,
          "privileged_selection_rate": 0.26515151515151514,
          "unprivileged_selection_rate": 0.13513513513513514,
          "accuracy_difference": -0.1182432432432432,
          "tpr_difference": 0.02314814814814814,
          "fpr_difference": 0.10704942861076688,
          "demographic_parity_difference": 0.13001638001638
        },
        "improvement_metrics": {
          "accuracy_difference": 0.06074766355140193,
          "dp_improvement": -0.035012285012285,
          "tpr_improvement": 0.17129629629629634
        }
      }
    },
    "data_analysis": {
      "total_samples": 2137,
      "features_shape": [
        2137,
        3911
      ],
      "sensitive_distribution": [
        1394,
        743
      ],
      "label_distribution": [
        1881,
        256
      ]
    }
  }
}