{
  "metadata": {
    "timestamp": "2025-06-26T17:35:19.038321",
    "experiment_type": "balanced_augmentation",
    "config_name": "brazil",
    "scenario_name": "extreme_compound_faker_debug"
  },
  "results": {
    "scenario_name": "extreme_compound_faker_debug",
    "generation_method": "faker",
    "original_analysis": {
      "total_samples": 4424,
      "privileged_count": 1556,
      "unprivileged_count": 2868,
      "current_sensitive_ratio": 0.35171790235081374,
      "positive_count": 1421,
      "negative_count": 3003,
      "current_label_ratio": 0.3212025316455696,
      "cross_tab": {
        "priv_pos": 701,
        "priv_neg": 855,
        "unpriv_pos": 720,
        "unpriv_neg": 2148
      }
    },
    "final_analysis": {
      "total_samples": 8408,
      "privileged_count": 4204,
      "unprivileged_count": 4204,
      "current_sensitive_ratio": 0.5,
      "positive_count": 4204,
      "negative_count": 4204,
      "current_label_ratio": 0.5,
      "cross_tab": {
        "priv_pos": 2942,
        "priv_neg": 1262,
        "unpriv_pos": 1262,
        "unpriv_neg": 2942
      }
    },
    "baseline_metrics": {
      "model_name": "Balanced_extreme_compound_faker_debug_Baseline",
      "overall_accuracy": 0.7443519619500595,
      "privileged_accuracy": 0.7481389578163772,
      "unprivileged_accuracy": 0.7408675799086758,
      "privileged_tpr": 0.7426160337552743,
      "unprivileged_tpr": 0.7864238410596026,
      "privileged_fpr": 0.24956063268892795,
      "unprivileged_fpr": 0.3602941176470588,
      "privileged_selection_rate": 0.3945409429280397,
      "unprivileged_selection_rate": 0.6541095890410958,
      "accuracy_difference": 0.007271377907701382,
      "tpr_difference": -0.04380780730432832,
      "fpr_difference": -0.11073348495813087,
      "demographic_parity_difference": -0.25956864611305613
    },
    "fair_metrics": {
      "model_name": "Balanced_extreme_compound_faker_debug_Fair",
      "overall_accuracy": 0.7449464922711059,
      "privileged_accuracy": 0.7543424317617866,
      "unprivileged_accuracy": 0.7363013698630136,
      "privileged_tpr": 0.7637130801687764,
      "unprivileged_tpr": 0.7748344370860927,
      "privileged_fpr": 0.24956063268892795,
      "unprivileged_fpr": 0.3492647058823529,
      "privileged_selection_rate": 0.40074441687344914,
      "unprivileged_selection_rate": 0.6426940639269406,
      "accuracy_difference": 0.01804106189877297,
      "tpr_difference": -0.011121356917316305,
      "fpr_difference": -0.09970407319342497,
      "demographic_parity_difference": -0.24194964705349148
    },
    "improvement_metrics": {
      "accuracy_cost": -0.0005945303210463937,
      "dp_improvement": 0.017618999059564655
    }
  }
}